[
    {
      "_id": 234,
      "topic": "Space",
      "userName": "SpaceX",
      "time": "2h",
      "title": "100s of SpaceX Starships land on Mars after a 6 month journey. 1000s of Martian colonists being building Mars Base 1",
      "image": "spacex.png",
      "liked": true,
      "replies": 123,
      "retuits": 432,
      "likes": 2345,
      "handle": "@spacex",
      "tuit": "You want to wake up in the morning and think the future is going to be great - and that's what being a spacefaring civilization is all about. It's about believing in the future and thinking that the future will be better than the past. And I can’t think of anything more exciting than going out there and being among the stars"
    }, 
    {
        "_id": 235,
        "topic": "Autopilot",
        "userName": "Tesla",
        "time": "2h",
        "title": "Autopilot is an advanced assistance system",
        "image": "tesla.png",
        "liked": false,
        "replies": 456,
        "retuits": 123,
        "likes": 222,
        "handle": "@tesla",
        "tuit": "Autopilot is an advanced driver assistance system that enhances safety and convenience behind the wheel. When used properly, Autopilot reduces your overall workload as a driver. Each new Tesla vehicle is equipped with eight external cameras and powerful vision processing to provide an additional layer of safety. All vehicles built for the North American market now use our camera-based Tesla Vision to deliver Autopilot features, rather than radar."    
    },
    {
        "_id": 236,
        "topic": "Space",
        "userName": "SpaceX",
        "time": "2h",
        "title": "",
        "image": "spacex.png",
        "liked": true,
        "replies": 123,
        "retuits": 455,
        "likes": 111,
        "handle": "@spacex",
        "tuit": "You’re inside the Cybertruck on the surface of Mars — what useful thing can you possibly do from inside the truck? You’re going to have very physical jobs to do like setting up reactors, drilling for water, performing geological surveys and in general laying the keel for a Martian colony. This is the stuff that isn’t suited to remote operation— this is why we’re sending people — but even if it were, it would be much more easily and safely done from inside the Starship"    
    }

]